nome;numero;pagina
Meu Deus, meu pai;001;4
Pai, estou a te clamar;002;5
Clamo, ó Senhor por teu sangue;003;6
Clamo, ó Senhor;004;7
Estou aqui pra confessar;005;8
Perdoa-me, Senhor;006;9
É teu sangue, meu Senhor Jesus;007;10
Diante do teu altar;008;11
Dobro os meus joelhos;009;13
Clama, ó igreja;010;14
Clamo a ti, meu Senhor e Pai (Uma nova Canção);011;16
Perdoa-me, Senhor, segundo o Seu amor;012;18
Purificado com sangue estou;013;19
Te suplico, ó Deus, em oração;014;20
Jesus, vem me abençoar;015;21
Pai celeste;016;21
Quando falo com Deus;017;22
Buscai ao Senhor;018;24
Quando Davi ao Senhor orava;019;25
Quando oro ao Senhor;020;26
Santo, Justo, Príncipe da Vida;021;26
Faze oração;022;27
Quando Israel saiu do Egito;023;28
Uma ovelhinha de Jesus eu sou;024;29
Onde quer que tu fores, irei Jesus;025;30
Eu sou uma ovelhinha de Jesus;026;31
Ele é a raiz;027;32
Sou uma criança feliz;028;33
Jesus, quando me lembro;029;34
Ele vive em mim;030;35
Eu quero ser o sal da terra;031;35
Príncipe da paz;032;36
Cristo, meu bom Mestre;033;37
Tenho um Senhor muito forte;034;38
Quero ser como Davi;035;39
Eu quero andar sempre com Jesus;036;40
No meu coração há um tesouro (Príncipe da Vida);037;41
Tenho um coração alegre;038;43
Na areia não quero construir (Firme, sim!);039;44
Quero ouvir (meu querer);040;46
A minha casa firme está;041;48
Minha vida e meu coração;042;48
Sou feliz!;043;49
Sou servo do Senhor;044;50
Jesus ressuscitou! (Meu amigo Jesus);045;51
Como é bom servir a Deus;046;52
Tenho no meu coração;047;54
Jesus Cristo é o amado;048;56
A minha alegria é crescer com o meu Senhor;049;57
Do alto céu;050;59
Eis-me aqui, Senhor, em teu altar;051;60
Seu nome é maravilhoso;052;61
É bom, é bom demais;053;62
Como é bom saber;054;62
É somente teu meu coração;055;63
Cristo é o Senhor;056;64
Há uma linda canção de amor;057;64
Viver é tão lindo;058;65
O nome do meu Senhor!;059;66
Deus falou comigo;060;68
Sei que na cruz seu sangue verteu;061;69
É tão triste não ver a luz (Cego bastimeu);062;70
Tem bom ânimo, pobre pecador;063;71
Eu vou contar uma história (Zaqueu);064;72
Onde nasceu Jesus;065;73
Nasceu um novo dia;066;74
Maravilha é o amor de Deus;067;74
Vem para o meio (Águas de salvação);068;76
Você sabe o que é salvação;069;77
O dia do Senhor virá (O sol da justiça);070;78
Jesus viu a multidão (A multiplicação);071;80
Tu és o Cristo, filho do Deus vivo;072;81
De eternidade a eternidade;073;82
Aquilo que melhor existe;074;85
Você sabe quem foi João Batista;075;86
Jesus falou que o céu é pra mim;076;88
Vou contar-vos de Jesus;077;89
O Senhor é a minha luz e a minha salvação;078;90
Deus ama você;079;91
Existe um lugar;080;92
Quando ouvi Jesus me chamar;081;92
Jesus vem nos buscar;082;93
Foi no caminho para Damasco;083;94
Queres ser feliz;084;95
Neste dia especial;085;95
Um dia morreu o meu Jesus;086;97
O Senhor é o bom pastor;087;99
Vou contar para você uma história especial;088;101
Certo homem, príncipe dos judeus (Nicodemos);089;104
Ele morreu, mas ressurgiu;090;105
Tenho algo pra você;091;107
Jesus cura e salva;092;109
Jesus te ama;093;110
Aquele que tem sede;094;113
Do pão do céu;095;114
Sonhei com Jesus esta noite;096;115
Jesus é o caminho;097;116
Eu abri meu coração;098;117
No meu coração;099;117
Cristo sente seu amor por mim;100;118
Jesus me ama;101;119
Das maravilhas que a Bíblia contém;102;120
Vinde, meninos;103;121
No caminho, ele me guiará;104;122
Haveremos de chegar;105;123
Jesus Cristo é o caminho;106;124
Eu quero cantar;107;125
Hoje é um grande dia;108;126
Canta, alegremente, ó filha de Sião;109;127
E tudo posso naquele que me fortalece;110;129
Entrega o teu caminho;111;130
Consola-me, Espírito Santo;112;131
Tua mão é poderosa;113;131
O Senhor é quem cuida de mim;114;132
Jesus, o bom pastor;115;133
Sobre as ondas;116;136
Deitada na relva uma feliz ovelha;117;137
Âncora segura;118;139
Jesus, o melhor amigo;119;141
Poderá cantar;120;143
Meu barquinho;121;144
Cristo é um amigo;122;145
Nesta batalha não tereis que pelejar;123;146
O céu e a terra passarão;124;147
Com Jesus vencedor serei;125;148
Deus forte como Jeová;126;149
Cristo é vitória;127;150
Cristo é meu amigo, é meu amigo;128;151
Ontem, hoje e para sempre;129;152
Meu bom pastor é Cristo;130;153
Com Cristo no barco;131;153
Meu barco é pequeno;132;154
Jesus vê a sua igreja;133;155
Vou caminhando pra Jerusalém;134;157
Flua em mim, Senhor;135;158
Lâmpada para os meus pés;136;159
Não por força;137;160
Sou um soldado do bom salvador;138;161
Dons do Espírito Santo;139;162
Uma luz resplandecente;140;163
Quem irá (Preciosa semente);141;164
Como uma folha ao vento;142;166
Tenho uma candeia (Candeia acesa);143;167
Nova aliança;144;169
Revelação abre pra você;145;170
A igreja que ora é vitoriosa;146;171
Em tuas pisadas;147;172
Andando em espírito (Fruto do Espírito);148;173
Nós somos uma voz;149;174
Cinco seixos;150;175
No princípio era o verbo;151;177
Nas batalhas sou um vencedor (Armadura de Deus);152;179
Como Noé;153;181
Com o Espírito de Deus em minha vida;154;182
Quero estar em tua presença, ó Deus;155;183
Somos cidadãos do céu;156;185
Este mundo não é meu lugar;157;186
No caminho eu quero estar;158;187
Servo do Senhor eu sou;159;188
Existem segredos na tua palavra;160;189
Tu és pra mim um vaso escolhido;161;190
Andai na minha presença;162;191
Dá-me um coração cheio do teu amor;163;192
Dá-me um coração humilde e reto;164;193
Quero ser santo para o Senhor;165;195
Brilhando, brilhando;166;196
Daniel na cova dos leões;167;197
Jesus chama os seus ministros;168;199
Sete cartas;169;201
Nós somos a carta de Cristo;170;203
Sou o santo;171;205
Quatro coisas tão pequeninas;172;206
Ouço o clamor do bom Pastor;173;208
A tua palavra é semente;174;209
Um certo pastorzinho;175;209
Cria em mim, ó Deus;176;210
Fala ao meu coração, Jesus;177;211
Disse Jesus aos Judeus (Eu trabalho também);178;211
Orar faz bem;179;214
Quero ser fiel (Jesus está vivo);180;215
Jerusalém, cidade do meu Rei;181;216
Quero viver para sempre com Jesus;182;217
Um novo céu, uma nova terra se fará;183;219
No expresso viajamos;184;220
Há uma linda morada;185;221
Nossas vidas são mudadas;186;221
Varões galileus;187;223
Jerusalém anseio ver;188;224
Um dia a igreja subirá;189;225
Igreja, corpo de Cristo;190;226
A noiva amada do Cordeiro;191;228
Vou pra Jerusalém;192;229
Há uma igreja que aguarda o Senhor;193;231
Na nova Jerusalém;194;232
Em breve estaremos na glória;195;233
Jesus nos prometeu;196;234
Maranata! Vem, Senhor Jesus;197;236
O dia está chegando;198;237
Aguardando a orientação do salvador;199;239
Vou para o meu lar;200;241
Sobre as nuvens Jesus vem;201;242
A Raabe veio a ordem;202;243
O fio da escarlata é o mistério;203;245
Marchai! Marchai!;204;247
A minha alma espera;205;249
No céu um dia vamos morar;206;249
Jesus prometeu nos buscar;207;251
Eu quero ir para o céu;208;253
Se eu falo do grande amor do Pai;209;255
Jesus voltará pra me buscar! (Maranata);210;257
O dias estão passando;211;260
Sei que Cristo voltará;212;262
Lá do doce porvir;213;263
Nós receberemos lá do céu;214;263
Eis que Jesus vem nas nuvens;215;264
Sobre as nuvens descerá (Ele virá);216;265
Verei meu grande Rei;217;266
Maranata;218;268
Ele virá no meio da noite;219;269
Onde vive o Rei da Glória;220;271
Vai raiar o dia;221;273
Deus habita no meio dos louvores;222;274
Pai, tua beleza me admira;223;275
Deus criou os céus e a terra;224;277
Eu vim aqui, Senhor;225;279
Irei cantar e adorar o Rei Jesus;226;280
A Jesus irei louvar;227;281
Hosana ao Filho de Davi;228;281
Cantai alegremente a Deus;229;282
Esta canção;230;283
Todo ser que tem fôlego;231;284
Hoje eu não quero pedir;232;285
Na cidade de Davi nasceu o Salvador;233;285
Sei que sou amado do meu Salvador;234;287
Senhor, eu te louvarei;235;288
Senhor, Deus tu és varão de guerra;236;288
Muitos motivos tenho;237;289
Eu vou cantar;238;290
Jesus é a nossa vitória;239;291
O Senhor dos exércitos está aqui;240;293
Exaltai, Exaltai;241;295
